hour,day_of_week,is_weekend,avg_speed,traffic_level
6,1,0,62.22752625721451,0
19,3,0,16.467916919820766,2
14,5,1,48.68141430835799,1
10,6,1,23.27792630928864,0
7,1,0,11.587247249506223,2
20,3,0,46.79270615586245,1
6,5,1,51.87372780857214,0
18,5,1,33.449571661082665,1
22,1,0,38.797775332796306,1
10,6,1,20.57348283289292,1
10,4,0,40.631661272916816,1
23,4,0,71.68120873094685,0
20,5,1,24.033053882243657,1
3,4,0,58.98186765115044,0
7,0,0,17.066558115192574,2
23,5,1,58.36279617243659,0
2,5,1,56.32114891601609,0
21,3,0,20.265898553404067,1
20,4,0,40.304638965721864,1
1,6,1,74.85407898347351,0
23,5,1,58.8385818903858,0
11,6,1,42.1360855568459,0
5,0,0,75.02433791002028,0
1,3,0,72.21428395860558,0
20,1,0,42.60283766770907,0
0,6,1,73.06768346322923,0
11,5,1,42.98347798386759,1
21,0,0,38.408123427123755,1
11,2,0,34.62883429001633,0
16,0,0,32.22629093097292,0
9,0,0,5.990147662103624,2
15,3,0,23.329942963739445,0
14,1,0,48.43064077893412,1
14,2,0,48.653456218751046,0
18,4,0,9.493485169308109,2
11,4,0,35.018728042112535,0
22,6,1,41.212594318000946,1
19,0,0,6.093527530518553,1
2,3,0,62.086198478979114,0
4,3,0,58.8587148214383,0
18,4,0,9.215067483630705,1
6,6,1,74.10448229890653,0
20,6,1,32.15308083582699,1
8,6,1,77.1833300639749,0
6,2,0,59.64487103743646,0
17,1,0,8.390434967239996,2
3,2,0,69.21428126527532,0
13,5,1,38.104792881301364,1
17,5,1,39.434523379715856,0
8,1,0,18.32988620398098,1
20,4,0,33.48049226118926,1
1,1,0,67.57594365360558,0
19,3,0,6.076637093397696,2
14,5,1,27.257950409465888,1
6,0,0,71.41857897519769,0
11,0,0,44.11875522657561,1
7,4,0,12.802548384661268,2
14,3,0,43.26038451209406,0
2,2,0,58.142281413401435,0
13,3,0,28.528222787825502,1
16,0,0,38.88673090675209,0
3,0,0,51.629961044687114,0
17,5,1,29.527603857833498,1
7,3,0,12.666937088558447,1
3,3,0,51.40555725582809,0
1,0,0,58.28508673462699,0
5,2,0,71.20929462367148,0
21,4,0,45.18015477068007,0
9,6,1,50.114597679757495,0
3,4,0,57.40471607605707,0
21,3,0,29.488104491879206,1
17,4,0,10.40350878200642,1
11,0,0,45.281357064816646,0
1,0,0,59.400437527554296,0
9,3,0,18.378082172161022,2
3,3,0,63.014522587295886,0
13,6,1,31.319541618895784,1
15,6,1,22.67868573576719,1
14,5,1,34.81442121370786,1
7,3,0,14.490678181229013,2
13,2,0,20.130898089509273,1
22,4,0,41.391381519029565,0
7,3,0,19.490712576930157,2
20,1,0,48.52318123194014,1
15,5,1,28.941566259183297,1
12,1,0,43.45471590034806,0
17,0,0,5.722790185899443,2
14,6,1,48.703994464528584,0
20,4,0,32.98187408059114,1
23,3,0,63.73098815477882,0
12,1,0,31.061215125943857,0
8,4,0,5.785325302812086,2
14,0,0,32.49513295711637,1
12,6,1,45.510440033596865,1
0,2,0,56.359821640959744,0
6,5,1,69.72060446510386,0
8,4,0,18.202351068822274,2
23,4,0,56.472220375293624,0
0,2,0,70.33439600930133,0
11,4,0,28.859044327154983,1
7,0,0,14.774596407159148,1
23,0,0,72.15792374396992,0
10,2,0,39.34497812066941,0
18,5,1,41.396206498478534,0
16,3,0,46.70645007908523,0
7,1,0,10.516789816342293,1
2,3,0,51.74275856241049,0
2,4,0,53.34536636963829,0
0,1,0,65.47585708136984,0
4,2,0,58.027780301839144,0
9,2,0,5.220400829824308,2
6,5,1,61.372821460158086,0
8,1,0,5.289914463764015,2
6,0,0,53.73105197001531,0
8,1,0,12.3929687667117,2
7,4,0,12.964065176181407,2
11,0,0,20.29771463383507,1
1,6,1,63.92285478360512,0
0,6,1,78.90497722662765,0
15,6,1,40.32626802376859,1
22,2,0,43.21974134458287,0
22,1,0,35.63888142962417,1
23,6,1,79.2804146983764,0
4,3,0,53.7665064428796,0
2,5,1,50.50842994668743,0
11,3,0,44.214666120946475,1
7,6,1,53.606216873617285,0
21,5,1,20.526570900998866,0
2,4,0,58.79925832341694,0
0,3,0,73.19425621756014,0
2,1,0,65.53881583137736,0
4,1,0,60.44286779504864,0
14,3,0,20.040608771464044,0
13,6,1,39.393762249137914,0
2,1,0,79.22583331449071,0
0,4,0,75.41182480951699,0
4,0,0,50.707848939365874,0
22,6,1,43.49595239895878,1
13,4,0,33.73987277010714,1
6,5,1,61.94015878863509,0
8,4,0,5.985422884315486,2
14,6,1,27.39810904934074,0
14,5,1,42.42333219790082,1
9,6,1,64.2142948519384,0
12,1,0,48.73369402964612,0
18,0,0,16.777843147226125,2
6,6,1,79.73983704692662,0
16,6,1,48.88305050759618,1
19,1,0,10.485211223920569,1
3,2,0,56.761438040202975,0
4,1,0,55.8749925240281,0
22,5,1,38.672409246979896,0
6,1,0,73.43965567241915,0
12,1,0,24.408881287646288,1
14,0,0,39.078641214911855,1
10,1,0,40.223908866081885,0
3,6,1,57.79714937728499,0
12,0,0,47.52457529395971,0
6,3,0,58.71513517014261,0
18,2,0,18.35211706094022,2
21,0,0,21.86609678494108,1
1,5,1,54.41909132836911,0
9,3,0,14.463826853437451,1
12,0,0,24.028245527068265,1
20,0,0,35.8897917183686,1
5,2,0,57.256798823386674,0
11,6,1,40.38860998205323,1
11,5,1,28.241114451436758,0
19,4,0,11.89497305603992,2
10,4,0,32.98448006628408,1
22,0,0,24.972493394604676,0
6,1,0,63.36624916225673,0
0,5,1,56.27556396223783,0
0,3,0,51.49937085979036,0
19,1,0,19.71788793746174,2
12,1,0,45.61354765114001,1
8,5,1,57.25931390951136,0
2,6,1,78.818809265396,0
6,0,0,55.90777113360285,0
5,0,0,78.54289431085496,0
7,0,0,15.67584208619073,2
8,0,0,13.543096693506556,2
4,4,0,57.78625349528271,0
0,0,0,63.10987656996863,0
18,4,0,6.0962234304052245,2
9,4,0,19.717667551434417,2
11,6,1,43.7778534886515,0
23,0,0,77.23696381338858,0
14,2,0,48.804068132163415,1
21,3,0,49.31923723974511,1
23,1,0,72.71930621403317,0
8,4,0,12.153501597019549,1
19,5,1,27.420209474572502,1
16,5,1,39.998014371398575,1
16,3,0,36.95255937358269,0
19,5,1,34.966869936078254,1
11,2,0,20.271154072378764,0
6,5,1,60.71088031910037,0
1,1,0,77.78582205295346,0
2,1,0,56.860303388108264,0
16,4,0,26.662276120799618,1
4,0,0,59.65009968978646,0
16,6,1,41.8658432680984,1
23,2,0,52.86197831939632,0
16,4,0,20.875092909357935,1
16,2,0,39.87302035103204,1
1,0,0,53.555078707944546,0
1,5,1,58.66654816727497,0
21,5,1,47.585930739681494,0
22,6,1,21.347338969868474,1
4,0,0,72.83023770486176,0
0,4,0,61.15172199207029,0
0,6,1,61.7737455868844,0
18,0,0,18.776396482181127,2
1,3,0,78.52785783507645,0
20,1,0,30.713634779015084,1
11,6,1,27.530041497869007,1
5,6,1,66.92222086500553,0
22,4,0,39.69893221123628,0
3,2,0,57.211967386805206,0
22,3,0,47.54717260026311,0
10,4,0,35.17873723204795,0
23,0,0,56.62558348889027,0
16,0,0,21.080564548742792,0
5,0,0,55.25665316317482,0
23,0,0,76.00311063518001,0
4,2,0,58.4743623193108,0
19,3,0,13.724334394837904,2
1,5,1,63.09842569306298,0
5,1,0,67.40266504008363,0
21,2,0,42.76328761271975,1
10,2,0,30.591511748009072,0
15,5,1,48.393695394512164,1
15,5,1,32.583439818719405,1
0,1,0,73.41096509020645,0
8,1,0,12.463097782191532,2
5,5,1,56.14040327171852,0
15,0,0,25.58407693260044,1
2,2,0,59.94694097201581,0
19,4,0,8.106137138162829,2
3,1,0,52.13474855520298,0
18,1,0,19.11176780754662,1
2,5,1,65.20761313885504,0
18,3,0,17.163178715118775,2
19,4,0,9.98286549673407,2
6,4,0,70.80854172421385,0
19,1,0,14.819760302989318,2
8,0,0,18.138246252755856,1
0,3,0,66.17283658208027,0
7,4,0,11.378422781565408,1
6,1,0,51.12713271196722,0
17,4,0,16.48320125773791,1
7,6,1,50.000349042660986,0
0,3,0,62.49697485446877,0
10,3,0,21.639032600029168,1
17,6,1,26.78375993749016,1
22,2,0,29.11827536765082,0
9,6,1,56.912499863520495,0
2,5,1,50.04421466258934,0
6,5,1,71.88034382263989,0
15,1,0,26.72880449855135,1
15,3,0,42.25688980876146,1
19,2,0,11.339437955204136,2
16,2,0,29.758854020690933,0
1,4,0,71.37863999295539,0
0,4,0,74.50338399516909,0
15,6,1,31.128230244732954,0
11,2,0,44.20080559084218,1
4,6,1,79.54575208287427,0
4,6,1,72.62744779046243,0
22,4,0,37.71913501983913,0
8,3,0,6.176837244756859,2
8,6,1,66.33490877311596,0
2,0,0,71.27962485417828,0
18,3,0,16.70947576138336,1
15,2,0,48.56665357092784,1
15,2,0,27.959784126664008,0
2,6,1,68.04661637899471,0
19,3,0,15.716362461068632,1
23,4,0,72.77015847565792,0
21,4,0,35.41563392620303,0
23,5,1,65.26671666773167,0
0,2,0,61.07842310646623,0
23,1,0,77.98774587709016,0
19,5,1,40.9162814572891,1
10,4,0,33.85148431439357,1
16,3,0,40.83786281759856,1
7,4,0,17.92536355681018,2
3,3,0,58.22214768026573,0
5,5,1,74.21212711600108,0
7,2,0,10.180129283673317,1
19,4,0,19.677882025837107,2
2,6,1,75.6961167124378,0
15,3,0,41.81170284846171,1
2,2,0,66.86218383207714,0
17,1,0,12.443881293235423,2
13,3,0,24.89106010794773,0
17,5,1,42.033317962267745,1
1,1,0,61.530651155724044,0
21,1,0,45.16991983154033,0
2,0,0,50.342539503622206,0
15,4,0,49.10771329178171,1
8,3,0,8.52460107493929,2
3,1,0,71.14613030130145,0
0,0,0,74.51384426046755,0
3,5,1,66.39290948233543,0
0,2,0,79.01105825768438,0
13,6,1,35.143867949135846,0
20,6,1,45.87921413447537,1
15,3,0,44.00010445291044,0
19,1,0,10.94830522984945,2
23,6,1,53.951450857372805,0
7,4,0,7.35909812269573,2
6,6,1,59.29363577627298,0
2,6,1,58.701365958873104,0
16,6,1,40.18108982626694,1
0,0,0,73.90044191574117,0
15,1,0,38.746222988209965,0
11,4,0,44.98491130364813,1
18,1,0,5.182351572160802,2
21,3,0,21.55507397359187,1
22,3,0,28.628981871310344,1
21,3,0,30.588755103570698,0
13,5,1,30.021498970063078,1
5,6,1,71.98097151770841,0
5,5,1,62.13582156721609,0
12,0,0,43.512795274523214,0
18,3,0,11.49150319398894,1
21,4,0,29.97368471446136,1
7,1,0,10.608815705192203,1
1,6,1,78.33345748082911,0
20,2,0,40.14437446001621,1
0,4,0,68.9684646091292,0
14,6,1,32.5500159230684,0
0,5,1,72.52819395089955,0
4,5,1,53.041186926594776,0
15,4,0,28.289573253975608,0
18,5,1,49.41106222826555,1
3,3,0,52.025076400514656,0
2,0,0,65.56102983141786,0
16,1,0,49.12029636229232,0
16,0,0,32.10803007084774,0
11,6,1,41.13663284082336,1
13,1,0,30.395725038581546,1
20,1,0,27.92828789475918,0
5,0,0,56.159988161204,0
2,4,0,64.4911909267667,0
8,1,0,9.311924973458751,1
4,0,0,69.70268190423671,0
23,1,0,79.05611995099676,0
16,2,0,22.30938401194899,1
13,4,0,48.54269662536698,0
20,3,0,22.762009582474263,0
2,1,0,67.97133761451144,0
0,2,0,68.70946334870798,0
19,3,0,9.01103041786312,2
20,3,0,48.95046108363415,0
22,6,1,40.28078864157642,0
0,1,0,71.1988960963613,0
2,0,0,68.30022251238458,0
17,1,0,9.066443806460986,2
9,2,0,17.991434504175373,2
21,3,0,23.17717413211273,1
2,1,0,54.6448583779316,0
7,0,0,16.04802842502189,2
13,6,1,26.078979024060295,1
23,1,0,67.62757613328205,0
17,4,0,15.20167828170459,2
14,6,1,20.461846750739255,1
21,0,0,27.593046175388263,1
22,2,0,48.72743045251452,1
1,3,0,61.97105952927304,0
9,1,0,7.828109086238767,2
1,0,0,70.17381494075087,0
16,6,1,23.056793026188103,1
7,4,0,11.503741889489216,1
0,0,0,52.77876449154102,0
8,5,1,72.45153049028694,0
10,4,0,33.02062918126276,1
21,6,1,33.03209957019829,0
15,2,0,20.27162484741113,1
6,3,0,67.68361968454091,0
9,6,1,68.39875054662137,0
22,2,0,27.260662399426316,1
2,1,0,71.4215817013438,0
17,0,0,7.989055047002012,1
23,5,1,76.32410139963446,0
12,4,0,20.412366620340357,1
6,4,0,57.451287811094005,0
3,0,0,56.43219448979494,0
12,5,1,27.42679310839659,0
19,0,0,11.884107748952305,1
0,1,0,71.98200424358495,0
7,2,0,15.093075028971196,2
13,6,1,48.54472130530362,0
15,4,0,44.15270955486988,1
13,1,0,47.98131524398284,1
11,2,0,26.008460536028778,1
18,1,0,16.143222405019085,2
22,5,1,35.6434707250064,1
14,4,0,31.133388152903834,0
1,6,1,77.62299825390072,0
1,0,0,67.53346729272278,0
22,0,0,28.065605431465805,1
21,2,0,46.86038267459508,0
18,6,1,43.62161080256999,1
21,3,0,38.907416583684736,1
21,5,1,41.16382490850459,0
16,2,0,33.27636544444237,1
19,3,0,19.0442093220339,2
9,1,0,17.371148560205114,1
5,5,1,58.77149331236579,0
14,1,0,20.65739986325027,1
21,6,1,35.078937278903915,0
10,4,0,34.73287188149496,0
4,5,1,77.81331886575282,0
0,3,0,53.16179654323415,0
7,4,0,11.14506580063989,2
20,0,0,27.807097939556883,1
11,3,0,24.813878428136793,0
11,2,0,25.56940114703729,0
4,0,0,69.92658154966905,0
6,0,0,76.45071835530524,0
3,2,0,74.42377056773486,0
5,5,1,70.55402929623452,0
12,0,0,28.675623388878495,0
19,6,1,27.498708391928638,0
14,3,0,36.066614446390176,1
2,4,0,60.706579255133306,0
22,0,0,44.856667937182436,0
7,3,0,9.616937475211184,2
19,1,0,19.292225255037593,2
15,3,0,30.632748463791646,0
12,4,0,48.233624376010205,1
17,3,0,6.538519438753847,2
9,2,0,13.300567846246578,2
18,4,0,7.90794601905339,2
16,5,1,40.30822348990512,1
23,1,0,75.13725124555411,0
18,2,0,16.225337804986097,2
22,5,1,38.316402650462734,1
4,3,0,54.810962183592295,0
20,4,0,25.377597672178425,1
22,1,0,26.887944822619062,1
8,2,0,7.479267352144362,1
11,5,1,41.56218853560591,0
20,5,1,35.448000497397786,1
0,1,0,54.84088403166151,0
0,6,1,52.50663012532069,0
14,3,0,24.972445308956623,0
1,1,0,76.72566604949441,0
21,5,1,30.62813981651647,0
15,0,0,26.67083914244511,0
7,2,0,14.116290246434788,2
12,1,0,21.731964776753514,0
20,6,1,27.026101127790024,0
0,5,1,56.58661769689406,0
15,3,0,38.48901457777173,1
6,5,1,66.70635329516287,0
4,3,0,62.473253105699655,0
21,1,0,36.22715011514242,1
22,3,0,41.06438288545488,1
2,4,0,55.15081723116349,0
11,4,0,32.35874285102306,1
15,4,0,38.94256763655129,1
18,6,1,23.461839265367523,1
4,6,1,68.16913667970235,0
21,0,0,30.116197266972563,0
13,6,1,40.76220941073107,0
4,1,0,56.187563415084576,0
14,5,1,46.87024332856336,0
16,5,1,35.234151918763374,0
13,0,0,20.54372123137189,1
19,6,1,22.071377189437992,1
4,3,0,64.22765062930861,0
11,0,0,38.85279369843761,1
15,3,0,27.598171505681453,1
15,3,0,41.70330987064736,0
20,2,0,45.08353109621746,1
6,5,1,74.64165088702083,0
3,4,0,75.2997850336365,0
0,6,1,64.5528397993862,0
4,3,0,60.00885187510597,0
22,2,0,33.538823390877646,1
9,5,1,55.50326589210304,0
21,4,0,46.47679630317042,1
4,3,0,63.989292684205104,0
3,3,0,52.27099181929363,0
1,0,0,61.63478269750794,0
19,0,0,18.52661042819343,2
9,5,1,56.10418227492787,0
18,4,0,18.16025679699258,1
0,3,0,61.68214816936626,0
23,5,1,66.2528289280269,0
4,5,1,79.04197436152276,0
12,1,0,39.44954022356286,0
3,6,1,52.22316267724601,0
15,0,0,44.114436355803406,0
23,4,0,63.004166982669034,0
15,3,0,36.77177854839806,1
22,5,1,26.603339777142594,0
1,3,0,60.51561602858486,0
16,1,0,22.06141033171883,0
19,4,0,11.963577796088373,2
23,5,1,71.68213256716413,0
11,3,0,41.26296965687463,1
17,0,0,8.26501099370804,1
2,6,1,69.85052865199569,0
0,1,0,64.51968104539242,0
0,4,0,50.15940427005038,0
18,1,0,16.59214359935506,2
10,0,0,21.993899773288163,1
4,4,0,72.99545148597754,0
11,1,0,43.458799314738776,1
2,2,0,72.5524097718752,0
0,0,0,74.09006215873512,0
0,0,0,65.54024199213875,0
7,0,0,15.06736210069533,1
9,2,0,16.13379780798631,2
10,2,0,25.849255997008676,0
11,3,0,42.49933395356213,1
12,5,1,42.76145963491762,1
11,6,1,39.62398211083621,1
13,1,0,37.36420263535821,1
1,3,0,68.97173972985162,0
18,1,0,12.10881830174154,1
17,6,1,28.128280949490964,1
2,5,1,56.067625415736046,0
22,2,0,27.245018839785004,0
16,5,1,32.74552528604261,0
7,2,0,12.605894701080775,2
9,6,1,55.63761142445969,0
1,5,1,52.309150081426225,0
18,3,0,10.741981466545816,2
8,4,0,14.892661529611553,2
6,3,0,73.88724351624106,0
3,1,0,58.15838118255346,0
20,3,0,27.921859540811564,1
17,6,1,39.09122844600123,1
12,0,0,28.08535586876818,0
10,1,0,40.83922876681183,0
23,5,1,56.561468389937815,0
3,1,0,67.85909797782467,0
20,4,0,39.85906834381606,0
3,2,0,74.44819185621617,0
9,5,1,73.3407572943396,0
4,1,0,72.82553992792344,0
8,5,1,55.63167217076756,0
23,5,1,52.651548409535565,0
2,5,1,70.96846485462157,0
16,2,0,32.97038679210042,0
2,6,1,50.93447278380173,0
15,3,0,21.01029211623392,0
3,5,1,76.37557317803743,0
17,0,0,13.36005754359512,1
16,6,1,40.00542173916974,0
6,4,0,59.69082037262282,0
23,2,0,76.93757560872997,0
22,1,0,29.758718550852436,1
4,2,0,77.02882687071404,0
11,1,0,44.76246992371844,1
16,2,0,27.470262083272697,1
22,1,0,22.017677419021034,1
12,5,1,49.96677836099872,0
22,3,0,42.44551736146539,0
2,1,0,74.19995159080449,0
8,1,0,19.964424461032348,2
16,0,0,21.210524805790993,0
16,1,0,23.902420094868408,1
19,0,0,10.406402407122291,1
15,4,0,36.985420736752125,1
21,5,1,39.63026016478159,0
12,0,0,20.431443382162552,0
18,3,0,14.356146272960137,2
16,6,1,21.168140500629967,1
3,5,1,75.11358883491957,0
11,0,0,36.901860521379206,1
8,5,1,68.73842144343595,0
18,5,1,37.60809519676721,1
11,5,1,49.72037471197297,1
8,4,0,11.63440708176703,2
6,3,0,71.22191000098783,0
13,2,0,26.86626387450497,0
19,2,0,18.92273147170927,2
18,0,0,10.128579171582356,2
14,5,1,26.349076957095836,1
15,0,0,49.43353723603807,1
20,4,0,44.1324217903242,1
4,4,0,71.45300483851099,0
2,1,0,67.79474657118405,0
11,4,0,33.64293027657983,0
19,1,0,15.16297420825527,2
20,3,0,48.25075959974092,0
3,0,0,55.020710967103426,0
20,6,1,40.726519296524685,1
22,3,0,39.459168703064464,1
15,4,0,24.68619706059866,0
6,3,0,69.07820980480133,0
12,3,0,25.380680308677228,1
20,3,0,33.655159752009695,1
9,4,0,17.56050619655226,2
6,6,1,55.09185285730769,0
13,5,1,43.3730775918736,0
4,3,0,68.29092275457847,0
2,1,0,70.98918708866366,0
22,4,0,44.08432804473502,1
10,3,0,36.07805236556355,1
10,6,1,32.0566159967219,1
17,5,1,37.17821698646067,0
14,4,0,47.63922536638927,0
11,2,0,37.785205415243304,1
8,5,1,60.6477398263103,0
9,1,0,5.476156480594829,1
11,3,0,22.536961342917134,1
16,6,1,46.429190169189724,1
5,2,0,76.48744449556166,0
6,6,1,69.77136230396697,0
13,2,0,45.88990494076616,0
12,4,0,25.89960754858876,1
7,2,0,9.297793233906845,2
9,1,0,19.95856849855404,2
8,1,0,18.46048798686398,1
17,0,0,19.600739287472315,2
1,1,0,63.95028552579283,0
4,5,1,75.42163791714121,0
4,2,0,51.871822057948314,0
5,1,0,60.05837150234887,0
18,4,0,19.630147002186057,1
7,6,1,74.5092172181551,0
15,6,1,48.13895694301682,1
12,0,0,31.5679277754,0
0,6,1,52.131046671320064,0
21,2,0,26.88097331113017,0
19,0,0,9.028432511804638,2
16,2,0,25.02473267282323,0
6,4,0,54.41826690656273,0
12,0,0,42.778775207554204,1
3,3,0,79.03284395808686,0
3,5,1,63.19221459523726,0
5,5,1,58.3510544498797,0
18,2,0,9.893808770617202,2
11,6,1,26.975179766234938,0
21,3,0,27.693891830502977,0
6,0,0,60.65959245421663,0
9,3,0,5.938472633291774,2
18,3,0,17.135354604375145,1
6,6,1,54.407657707513124,0
2,0,0,60.27935439567565,0
12,4,0,24.64775933430328,1
12,6,1,34.536139852400325,0
17,3,0,13.451125467257812,2
19,3,0,7.057227322291148,2
7,4,0,12.582631405847959,2
8,3,0,14.359977282934736,1
6,3,0,58.20921253582315,0
0,3,0,64.63502955632038,0
2,5,1,52.46816972831186,0
12,6,1,29.19390404128461,1
16,1,0,21.70936180992105,1
23,6,1,62.5582182475499,0
0,4,0,63.752942723943136,0
5,3,0,71.75018228897356,0
20,6,1,40.01637011582543,1
5,5,1,73.31147856955269,0
11,4,0,29.416264901674115,1
12,2,0,45.203242353175995,1
12,6,1,46.685579331312894,1
14,2,0,25.854995516559512,0
20,3,0,42.249243555081264,1
15,5,1,34.49542589941005,1
21,5,1,30.84211337201559,1
20,6,1,32.20414402855171,1
10,4,0,33.61969733599097,0
4,4,0,72.87340876024605,0
3,5,1,53.780060835919826,0
2,4,0,55.89257647616052,0
18,5,1,25.26474882144072,1
19,6,1,37.379433999858136,1
17,1,0,14.67117872865228,2
14,5,1,36.579868033302446,0
8,2,0,14.925008894437836,2
16,4,0,37.12632250518429,0
13,5,1,28.359291893451093,0
14,5,1,25.485133396064512,0
0,6,1,74.77132854682,0
20,4,0,47.81371345593348,0
21,1,0,37.13781409811292,1
21,6,1,31.236447301387436,0
2,1,0,73.93196790044642,0
15,6,1,22.610516549083663,0
22,4,0,45.35362554488104,1
10,0,0,25.253694203910598,1
11,4,0,26.615127903069414,1
9,4,0,18.11107659957778,1
15,1,0,27.897420395540337,0
7,1,0,18.060035511882766,1
5,4,0,73.77784439627405,0
11,4,0,42.507972918165265,1
23,4,0,54.56145702273476,0
20,1,0,30.536581620463426,1
7,4,0,12.291957278223862,1
3,4,0,77.62218951027906,0
7,3,0,9.371913702406907,1
17,0,0,8.572199804985445,1
4,2,0,77.25303655638126,0
8,0,0,11.994491194097282,2
3,3,0,72.81726927365847,0
21,2,0,34.61796062300152,0
16,6,1,37.90732071639968,1
8,4,0,16.54173341123071,2
0,3,0,61.93597109052281,0
20,6,1,25.121250899374406,1
19,4,0,8.066725586964097,1
12,1,0,35.3174227237868,0
15,5,1,47.318171516432656,1
12,3,0,35.03826933877188,1
13,1,0,21.047346579686714,0
2,3,0,66.53479885749115,0
5,3,0,63.14535839745034,0
17,1,0,7.410193770677678,2
18,2,0,11.73558151895189,1
4,0,0,57.124356702567724,0
14,4,0,41.73794860542887,0
1,3,0,53.347789998717424,0
9,4,0,9.215746252503337,2
23,5,1,55.20488151065066,0
17,1,0,17.021686643344303,2
12,4,0,42.52308947633167,0
4,1,0,53.76458890397452,0
22,4,0,27.107999747199457,1
23,0,0,70.32179389666618,0
0,0,0,66.9734466452299,0
21,0,0,31.61967553925942,1
0,0,0,51.98495566503321,0
17,0,0,17.4028784145913,1
14,0,0,43.25732155504848,1
16,1,0,30.35251236539701,0
10,3,0,48.844769737223366,0
20,4,0,47.996152632779186,1
21,0,0,38.34390833676983,0
16,1,0,29.526491007727653,1
12,1,0,48.414843887007436,1
0,1,0,76.54565353088013,0
1,3,0,72.17200927818118,0
8,4,0,9.224240631584475,1
2,3,0,78.90080961338114,0
0,2,0,50.30853487807076,0
20,6,1,41.187384876657866,1
15,1,0,49.70326538260598,1
22,2,0,30.199155913797448,0
5,5,1,52.368182088396665,0
16,0,0,27.831455787045442,1
4,6,1,60.30160106532932,0
4,0,0,75.03715370766884,0
5,3,0,78.06453540582487,0
2,6,1,55.57199216015557,0
20,4,0,47.85891686346182,0
22,2,0,22.770815843341357,0
4,4,0,54.88372967618688,0
20,3,0,24.514168130179925,1
4,0,0,79.042291443522,0
9,6,1,63.40143581775561,0
9,4,0,8.699879237081097,2
18,4,0,14.928704489555173,2
16,0,0,42.61604248129739,1
20,6,1,47.13079324981572,1
13,2,0,42.71144344095876,1
8,0,0,5.10316943329474,1
13,4,0,39.90570781740357,0
0,2,0,62.33592466647637,0
18,2,0,18.268803323444207,2
12,0,0,47.275257921607576,1
12,4,0,40.73167438217786,0
3,3,0,58.14899543823109,0
0,4,0,55.718294992233496,0
16,1,0,30.26322862590782,0
7,6,1,62.89872859339465,0
1,5,1,74.92847513165205,0
7,3,0,16.02388771092341,1
6,2,0,65.94364742567916,0
1,3,0,58.63836028027978,0
21,6,1,28.99826209331068,1
21,2,0,33.01531768565732,1
2,6,1,54.93216587236636,0
17,2,0,13.200435231081952,1
11,3,0,30.318730596730568,1
0,2,0,71.9900032166787,0
21,2,0,47.946647429284425,1
11,1,0,36.99815776716389,1
4,4,0,69.71091494702321,0
16,4,0,31.985563537608044,1
15,5,1,20.32433250905589,0
14,5,1,44.02942101210095,1
22,1,0,37.305721433981006,0
14,5,1,23.561272865273345,1
4,6,1,79.4170468118217,0
20,3,0,22.017025402716833,0
13,0,0,42.16600031399098,1
1,6,1,50.97330338141561,0
10,0,0,35.96875627854364,1
18,0,0,7.58785815419543,1
6,1,0,67.03922891948241,0
5,6,1,58.89072840539865,0
1,1,0,78.14947185953949,0
5,2,0,74.56220688452152,0
17,0,0,8.895062584256209,2
1,3,0,79.09170898393931,0
17,5,1,30.42556385941264,1
14,3,0,21.582957735788078,0
18,5,1,33.73786983302084,1
1,0,0,56.79564878108317,0
19,0,0,8.792871773751667,2
5,0,0,67.32895263033268,0
0,1,0,60.77626240948071,0
23,6,1,74.70656679835457,0
14,5,1,34.32051194367204,1
22,6,1,30.87679389677284,0
9,1,0,9.92269224196418,2
18,1,0,6.270325128129603,1
16,4,0,34.46396296759526,1
4,3,0,75.22726131208722,0
3,3,0,56.63716089338192,0
9,2,0,17.12608608340536,2
23,1,0,74.7087083224692,0
16,5,1,33.77372069860043,0
9,4,0,18.988323176289683,2
16,4,0,48.0124826900441,0
19,6,1,35.947164580601935,1
23,3,0,50.979771823534875,0
4,1,0,64.26788575466026,0
1,2,0,62.23244315008197,0
5,1,0,54.83656435925368,0
20,6,1,49.13452722104857,1
1,0,0,66.86566433193576,0
12,1,0,22.053513576980503,1
10,6,1,23.490754554934878,1
10,0,0,48.15446474642464,1
15,0,0,22.304091449432647,1
10,2,0,36.519901383225545,0
18,5,1,45.00932031425517,1
14,3,0,38.35493060309665,1
22,1,0,27.660091212897324,0
22,0,0,30.64693050459662,0
15,1,0,40.27468775312221,1
10,5,1,22.103244189237707,1
21,3,0,25.453366016520857,0
15,5,1,44.81906449211738,0
7,3,0,11.28774313853182,1
3,4,0,55.04610967299555,0
7,3,0,13.355607699125526,2
3,2,0,56.94141909130544,0
23,5,1,65.07281861499129,0
2,0,0,71.94459079109347,0
2,4,0,78.74354026758301,0
17,2,0,18.292726581940176,1
18,1,0,18.74630816798099,2
18,5,1,38.89461963304123,1
20,6,1,42.57193646911364,1
4,6,1,65.93882055052796,0
17,0,0,11.426868557731932,2
9,3,0,17.367072764068237,2
21,0,0,44.987891467226845,0
20,6,1,45.33997727270673,1
5,1,0,62.93905119023044,0
0,4,0,61.37121456149105,0
4,4,0,77.45182197551668,0
8,5,1,57.53507802645204,0
11,4,0,34.520617175282126,1
13,5,1,29.25404844468452,1
1,5,1,67.19126601857047,0
16,5,1,21.17808242724957,0
13,6,1,20.19137130219772,0
12,6,1,48.97241629459242,1
8,3,0,15.92556281509469,2
14,2,0,40.13279471257928,0
21,5,1,48.40268734076722,1
14,5,1,43.49893948868143,1
23,2,0,57.97785351896356,0
10,0,0,20.773087962930536,1
15,5,1,39.78517944953981,1
16,3,0,23.61162736367267,1
3,4,0,78.15589350419391,0
0,4,0,55.43549837150248,0
7,1,0,8.340141186846274,2
16,1,0,36.393756251843726,0
2,4,0,62.515802556937295,0
19,4,0,7.564046036312725,1
14,6,1,42.718489348265024,1
14,3,0,22.523829867781487,1
23,2,0,61.79311722678203,0
21,1,0,20.497774418977937,0
13,6,1,38.07348325899763,1
22,6,1,27.014384992791925,0
13,2,0,45.04841617083211,0
23,6,1,79.24071788145655,0
1,3,0,54.06378610384073,0
12,4,0,46.05228571840802,0
13,5,1,32.58882148420431,1
23,2,0,51.51867416807222,0
18,4,0,13.609247991035156,1
6,4,0,61.78685326679537,0
2,0,0,50.859572827329636,0
14,2,0,20.339076097670674,1
22,6,1,29.192984681101148,1
13,5,1,37.6505666294946,0
10,2,0,49.21401240071448,0
14,6,1,28.257175431110248,1
12,4,0,28.14476007628134,1
17,5,1,31.241659115221292,1
5,6,1,66.49605688328616,0
2,3,0,51.517193114726865,0
18,6,1,44.97090618982985,1
14,0,0,26.729556765605786,1
22,4,0,44.519159366397105,0
4,6,1,77.91195260507976,0
9,1,0,11.750879591393378,1
6,1,0,60.12362836892687,0
16,0,0,22.50574744040056,1
6,3,0,56.33377827674112,0
21,4,0,21.538815469436468,1
11,2,0,33.263211040391596,1
16,0,0,31.83716945956771,0
12,3,0,24.84102075165149,1
19,2,0,17.081484939499795,2
3,1,0,72.80482789370477,0
9,1,0,7.238742046122109,1
2,2,0,58.0452310323474,0
8,0,0,11.12683372112724,2
12,1,0,21.70041296497506,1
17,4,0,10.878658444158635,1
14,5,1,25.803060288694475,1
3,6,1,69.24513443768755,0
14,2,0,46.582583264405486,0
21,2,0,28.918616128439794,1
1,1,0,56.899812618897215,0
14,0,0,27.215947555404462,1
7,4,0,17.390970268224283,2
7,0,0,17.36525670874024,2
16,3,0,24.689509121265825,0
11,3,0,30.814235154246617,1
18,5,1,28.11931825945297,1
9,1,0,19.88872693231645,1
8,1,0,19.826314909452215,1
4,1,0,79.31839797699342,0
5,5,1,73.81454311724119,0
19,3,0,13.66710575376627,2
1,0,0,75.98304636133504,0
23,5,1,58.68318564858464,0
12,5,1,38.58169908099506,1
5,0,0,62.33571427608473,0
4,1,0,62.824593622708036,0
0,4,0,59.908540025062536,0
20,0,0,45.51723584045348,1
21,3,0,48.03299116260324,0
20,2,0,44.6981963804009,1
5,2,0,66.68572077890035,0
5,6,1,73.3855010427219,0
22,6,1,44.55141274338605,0
15,5,1,46.69740129088588,0
3,2,0,79.7588824171593,0
10,4,0,26.30955668857381,0
23,1,0,72.96090091574122,0
22,3,0,45.9668714951661,0
8,6,1,53.0852777647243,0
22,4,0,49.37454665301847,0
2,3,0,70.21516694810015,0
18,3,0,9.86494066027277,2
7,1,0,13.913627409628958,2
4,5,1,68.09450360368841,0
3,2,0,70.47597378613165,0
23,1,0,67.26077519387296,0
5,4,0,62.87187107907998,0
1,5,1,58.277680831416404,0
19,4,0,8.394086450047793,2
10,5,1,26.999984679479798,1
3,6,1,68.75990509863362,0
14,4,0,26.561416667196177,1
5,1,0,51.79829902583925,0
21,5,1,38.179909018130765,0
16,5,1,21.349904637062732,1
23,3,0,72.02453777124938,0
5,3,0,60.23955937850157,0
18,0,0,18.932893247683484,2
1,4,0,59.959145142075364,0
14,3,0,20.410472442820435,1
10,0,0,27.75774773404352,0
7,6,1,50.83556722463223,0
18,6,1,32.79195070404867,1
12,3,0,25.239415576889886,1
11,4,0,39.914734245581755,0
4,5,1,78.959081708912,0
5,2,0,51.51250320806628,0
21,4,0,37.306436039336255,1
3,1,0,66.91758700266871,0
18,6,1,22.0818225771255,1
19,3,0,14.01368008488629,1
0,3,0,60.22875714306675,0
19,5,1,32.197716120784165,1
16,1,0,41.44156500506108,0
11,5,1,35.764109220676794,0
14,1,0,47.00792333606211,1
0,2,0,73.76573584405028,0
13,6,1,40.38899547185431,1
5,3,0,78.3777393209626,0
4,3,0,58.87472292489608,0
10,2,0,28.158636781945958,0
3,0,0,56.53674138880232,0
12,6,1,39.01134799296587,1
10,5,1,20.48730329628361,1
2,2,0,71.86334163351943,0
0,5,1,59.70591237456475,0
5,4,0,69.95167967019893,0
17,3,0,10.140963881418607,2
23,5,1,54.03728801312323,0
9,1,0,17.472774996683356,1
4,5,1,77.55192626244674,0
22,4,0,23.1030234458145,1
9,6,1,62.06081650664722,0
11,3,0,43.39462652030204,1
1,2,0,53.54655866873266,0
12,4,0,41.36411137641815,0
7,3,0,8.817219974273904,2
1,5,1,50.386924093685764,0
19,6,1,45.53452206277945,1
0,0,0,78.72894938817764,0
4,6,1,66.97234851839868,0
8,0,0,6.2758457823386165,2
16,1,0,31.39937236896184,1
8,6,1,68.21405842650731,0
10,3,0,27.208973703511003,0
14,0,0,29.44755333766687,0
23,2,0,52.89934502863257,0
5,3,0,55.30690852471952,0
22,2,0,33.32310670719856,1
2,6,1,65.95615299515049,0
16,2,0,49.86706701472063,1
4,0,0,67.48143348034044,0
11,3,0,29.808230730100256,1
17,5,1,32.081111629836805,0
13,4,0,40.46575067765296,1
20,0,0,23.99629772409886,0
23,0,0,68.97188769396526,0
10,5,1,37.3547752468799,0
8,3,0,15.509172445916775,2
1,3,0,72.6041633197879,0
11,6,1,34.99876975894365,1
2,2,0,71.90747568588714,0
2,6,1,68.5751820609751,0
0,5,1,55.59919819393048,0
7,6,1,50.77068934608224,0
21,5,1,33.291011190128586,0
7,3,0,17.749389957548082,2
10,2,0,23.766493696954313,0
8,6,1,78.90439842422983,0
4,0,0,53.24133678129221,0
13,1,0,37.56691186379906,1
2,4,0,66.24123262722316,0
20,0,0,21.71080742010858,0
4,3,0,53.16450282383107,0
4,4,0,67.56763051617838,0
18,1,0,8.506111880551163,2
13,1,0,44.60202506166948,1
3,2,0,51.24736879539781,0
12,4,0,40.67931236308071,1
9,2,0,9.616563579397237,1
17,0,0,18.46902940165605,2
7,5,1,74.29773260908698,0
7,5,1,67.4939065729875,0
6,5,1,71.90665153271748,0
7,4,0,14.614482921481367,2
13,5,1,25.698084093726827,1
18,0,0,13.34696956023233,2
5,2,0,60.75864745860774,0
0,4,0,77.34017570235892,0
22,2,0,29.47319453748488,0
14,4,0,42.99581948664881,0
0,2,0,71.06322362341378,0
16,1,0,40.26988706621219,0
0,2,0,61.8781167858785,0
14,5,1,33.625509882101184,1
22,1,0,48.041897464649026,1
1,2,0,57.52637299672101,0
13,4,0,37.536293397783744,0
20,4,0,31.3351764118156,1
7,4,0,10.089579009643511,1
7,3,0,7.428845099483206,2
18,0,0,19.96624083515301,2
6,4,0,63.55218427944332,0
18,1,0,11.010562502517,2
5,4,0,53.45438535185603,0
5,3,0,76.49820804278671,0
2,5,1,62.44476966564056,0
6,1,0,61.61823234274524,0
18,3,0,11.630501313966853,2
7,5,1,69.44700406423539,0
9,6,1,51.84338870392362,0
19,6,1,48.215118586382076,1
14,1,0,48.63697786576432,1
14,2,0,34.32248568441061,0
0,0,0,68.05420201836341,0
19,0,0,11.021926686335648,2
6,3,0,60.142532280987844,0
3,5,1,53.80472067651257,0
5,0,0,61.75227351686834,0
0,5,1,54.87982445316455,0
4,5,1,72.03097029476655,0
22,3,0,21.756959158536016,0
0,3,0,66.57098413451703,0
3,3,0,67.85689198158205,0
21,0,0,37.309448372530454,1
1,6,1,60.36442561170337,0
9,3,0,13.104183397811315,2
4,0,0,52.37840853893575,0
9,3,0,18.620278181324935,2
0,4,0,61.88937876494661,0
21,5,1,24.304083710540603,0
5,3,0,54.54336565806072,0
12,1,0,37.87039472484589,1
14,5,1,48.18705767075497,0
3,5,1,72.65400852335588,0
12,3,0,44.853160128169726,1
23,6,1,52.405602704363396,0
19,2,0,14.451396902924952,2
23,6,1,74.85958718354868,0
14,3,0,28.31207749140199,1
7,5,1,78.22640508677613,0
4,1,0,53.73037524292611,0
14,5,1,49.12820748813856,1
3,6,1,55.31460569667877,0
11,1,0,21.208565563339953,1
12,0,0,35.48849897593022,1
1,4,0,67.41935677728902,0
18,5,1,40.16752061882584,1
18,3,0,17.14512554398834,2
3,0,0,78.51598462863227,0
3,4,0,50.66198446046872,0
10,3,0,22.58396417191041,1
4,2,0,74.43160337806285,0
19,3,0,6.982694866308076,1
10,1,0,39.31869738342841,1
9,1,0,5.818481124240485,2
7,2,0,18.536049141660122,2
5,0,0,61.49646097841755,0
5,4,0,56.48998332892481,0
7,3,0,5.725440665731713,2
22,1,0,44.7902243285056,1
14,0,0,30.593086668151685,1
13,2,0,36.64061074365102,1
10,6,1,38.94376377749062,1
11,5,1,37.9568897965328,1
12,6,1,48.73837579778413,1
7,6,1,66.23341474636534,0
17,1,0,8.307314591221239,2
0,2,0,68.76952368281829,0
14,3,0,25.545151938410747,1
7,6,1,51.78761292059431,0
10,6,1,42.91076808050961,1
11,4,0,26.803178759589372,1
11,1,0,22.403171798288067,1
3,1,0,63.25501114405864,0
15,3,0,25.5337715317965,0
3,5,1,56.06881847474611,0
4,0,0,61.60121171131934,0
23,4,0,51.53450616861193,0
4,1,0,61.93380322787294,0
7,4,0,12.249414274494878,2
9,1,0,17.58719912106129,2
16,4,0,35.17090231344122,0
8,2,0,6.067335183168646,1
21,6,1,36.98055274663463,1
18,1,0,13.368105134901098,2
13,4,0,21.460845451997894,1
7,0,0,5.660987923555721,1
8,2,0,13.119051664125172,1
21,2,0,21.367554738460065,1
10,0,0,45.26496129951143,1
22,4,0,22.31562590679404,0
0,3,0,55.09661219657172,0
13,0,0,23.698513378968407,0
4,4,0,65.55685065997201,0
20,0,0,30.744191495874333,0
13,0,0,40.52942746776034,1
3,1,0,78.46942001141004,0
21,4,0,31.464184244977076,0
22,3,0,22.30274185666214,1
0,6,1,50.12562330883873,0
21,1,0,39.254585504043064,1
22,0,0,34.68932228096098,1
18,6,1,20.720151345346665,1
7,5,1,60.06114818652387,0
14,6,1,22.952725673041062,0
20,0,0,37.98079175126497,1
14,0,0,29.460912297983526,1
8,4,0,8.553859908450852,2
20,4,0,25.370949123247513,0
8,1,0,15.163187077756637,2
9,3,0,12.126348093001521,2
19,1,0,6.091024216680026,2
20,2,0,30.49813560712142,0
8,0,0,19.88771930242957,2
2,6,1,57.220115442714594,0
19,5,1,44.91868281295374,1
10,0,0,31.979977405976676,0
5,0,0,62.29018607877558,0
1,1,0,79.34662005579675,0
6,5,1,55.42675704136695,0
17,5,1,30.025781425193298,1
1,5,1,71.92611037328481,0
16,1,0,37.350792893496205,1
10,0,0,44.12496694951652,1
11,1,0,21.78851976033977,1
18,4,0,7.099810650826443,2
21,4,0,36.457652451640655,1
23,1,0,62.082184542404924,0
6,5,1,65.58835027409023,0
19,0,0,7.028259705692821,2
5,1,0,70.26368136009276,0
20,1,0,23.990293967219863,0
23,1,0,54.762102901229284,0
0,2,0,78.4781931873685,0
16,4,0,47.21125881245065,1
10,6,1,26.249461700255537,1
21,5,1,40.076570897746,0
17,3,0,11.275843000675003,2
20,6,1,37.813418958303565,0
16,5,1,24.843735021927202,1
6,3,0,64.15219512555318,0
16,2,0,37.10860816194172,1
19,1,0,16.134070883784304,1
8,2,0,10.32247783314744,1
16,2,0,36.916787631662075,1
19,6,1,40.848593580291436,0
21,0,0,43.88730828369162,1
21,6,1,38.30323766108704,1
7,4,0,6.997731885012851,2
16,3,0,32.57298418751256,0
6,1,0,67.97897861019166,0
0,6,1,65.41123565645914,0
12,3,0,20.193930733691317,0
22,5,1,28.568779656867292,1
18,3,0,5.3591939790572525,2
23,5,1,67.54483433917372,0
18,6,1,25.232278013344985,1
16,4,0,22.742659754514143,1
12,6,1,36.51595041788677,1
15,5,1,35.64131064421224,1
7,3,0,7.944414534666006,2
18,3,0,17.924973270486515,1
17,5,1,46.71975366385527,1
0,2,0,67.90835670239518,0
13,4,0,32.890200900654435,1
18,0,0,18.69562200334784,2
14,1,0,25.423554516871384,1
17,3,0,7.979668653461086,1
1,1,0,57.405710827871985,0
21,0,0,36.654013602595654,0
16,6,1,32.794992417255834,1
17,1,0,6.223623884170489,2
5,0,0,52.6336471117448,0
18,5,1,35.54232494121034,0
3,2,0,56.41984036094941,0
0,3,0,58.49853210477732,0
7,0,0,17.1779918601557,2
22,1,0,39.48136460709867,0
6,3,0,70.06629593122057,0
2,2,0,73.9596734106991,0
9,5,1,77.9825881718094,0
9,6,1,50.604135468478695,0
18,3,0,18.292569410839896,1
13,6,1,36.93771916800391,1
1,0,0,69.89081611169442,0
0,2,0,70.37199813486912,0
22,1,0,49.908482522350084,1
22,2,0,28.616636276154523,1
17,2,0,5.738313718111424,2
6,4,0,56.932425586234885,0
7,2,0,8.842872716590325,2
0,2,0,56.61953178865245,0
22,3,0,45.77335272940749,0
2,1,0,65.0017477757326,0
23,3,0,70.24679609162465,0
22,3,0,42.74121263033649,0
7,0,0,9.688970373624503,2
21,3,0,26.290708322906028,1
14,4,0,39.368077311752344,1
4,4,0,78.03631642146547,0
2,6,1,59.101566308874,0
18,0,0,16.48787965827113,2
0,6,1,70.74966955599625,0
14,6,1,31.806660083189467,1
7,5,1,53.92151970769272,0
1,1,0,70.15126577732183,0
2,1,0,71.87929401431619,0
23,3,0,67.25181720376443,0
13,3,0,35.13367825008066,0
23,5,1,59.36569209707388,0
13,3,0,39.35655727533992,1
10,1,0,26.966740727040293,1
15,6,1,28.074847129748875,1
3,2,0,55.95894841585607,0
19,4,0,18.638790416554887,2
4,2,0,61.1069655705373,0
21,2,0,46.90985868093233,1
20,1,0,25.48440165617678,1
13,2,0,31.300293212883872,1
22,5,1,21.87293981833341,0
15,0,0,23.27040846922786,1
17,3,0,9.754139326509222,1
6,0,0,74.26478970475051,0
9,6,1,76.2646595118769,0
6,4,0,59.07398952384409,0
0,3,0,75.76094363733722,0
22,2,0,42.93952851154621,1
20,4,0,40.709685407021865,0
18,3,0,15.238107181507356,2
15,5,1,35.01737952292494,0
18,5,1,35.31711226185511,1
3,5,1,53.598588251929094,0
17,5,1,44.071880916608976,0
1,2,0,75.84254138286552,0
0,0,0,54.11900098146711,0
14,3,0,29.86467853545828,1
4,2,0,69.8694121619216,0
19,5,1,44.3583870391365,1
10,6,1,29.38758644086468,1
9,0,0,6.975303551543106,2
1,6,1,71.15122719060778,0
2,4,0,72.25933188541958,0
22,6,1,27.56944208405459,1
22,4,0,25.06575390111185,1
11,4,0,41.523949718357365,0
19,5,1,45.47294059876028,1
4,4,0,61.50191423174777,0
4,1,0,55.048357655231385,0
5,3,0,75.0932657740961,0
8,3,0,7.837936885855323,2
1,5,1,71.61151995759337,0
20,1,0,38.12938946720959,1
11,6,1,44.86126951454019,1
2,2,0,74.88688147049149,0
19,6,1,23.162041321893867,1
21,2,0,40.130389415987295,1
11,4,0,30.88948521211615,1
23,0,0,76.3783866847102,0
16,2,0,23.377713995875833,1
9,0,0,18.295705429402126,2
23,3,0,51.41590105092137,0
13,0,0,40.374877049586885,1
22,3,0,28.116777694639744,1
16,1,0,48.261746584657864,0
17,1,0,16.63257945078499,1
18,5,1,24.17762212354112,0
16,5,1,36.32772011045752,0
13,4,0,31.074085814276135,1
8,2,0,10.161374267741632,2
7,4,0,11.609973251364403,2
1,3,0,76.39743880181044,0
12,4,0,35.23273514565706,1
6,0,0,54.1511478416167,0
8,3,0,8.749593363032446,2
21,5,1,39.89438746925626,0
21,1,0,32.45436961978237,1
10,5,1,43.55191763139294,1
13,2,0,44.60759956834669,0
3,3,0,69.46241341685055,0
12,3,0,33.74085849751606,1
1,0,0,57.69941621558287,0
22,2,0,35.38624226915803,1
4,1,0,59.62563628249531,0
10,6,1,49.872033561539695,1
5,3,0,63.057868389696615,0
17,3,0,10.175252598868491,2
20,0,0,26.127263191052865,0
9,4,0,8.294523928918535,2
3,1,0,50.00681114654767,0
8,5,1,77.45004613242583,0
5,2,0,75.31638233692787,0
1,3,0,72.26876694460842,0
16,3,0,23.610907286299582,0
4,5,1,52.0281424841715,0
5,1,0,71.72087566318764,0
11,4,0,32.91607462739111,1
22,3,0,35.3717846219632,0
20,1,0,31.24474773049993,0
9,5,1,68.63991872467122,0
21,0,0,23.318107966194827,1
20,4,0,49.82990908057145,0
5,2,0,56.98185046746656,0
7,3,0,7.8481299364387995,1
1,1,0,51.168735390453925,0
11,0,0,44.07205353353973,0
12,2,0,33.325502206351,0
20,6,1,35.266822102096405,1
6,1,0,75.84337058063973,0
9,1,0,5.148660432367304,2
12,2,0,33.82200800725022,1
16,0,0,34.496962276263055,1
20,6,1,42.637080836172096,1
13,5,1,36.15184937860873,0
1,0,0,79.76406918435748,0
21,4,0,22.921006813736632,1
10,3,0,30.367387576124393,1
0,2,0,50.20946785641044,0
18,5,1,27.042632651749138,1
20,6,1,30.119918265372966,1
3,2,0,74.82571081861451,0
18,2,0,9.617287250391787,1
20,0,0,27.00702083205833,0
10,3,0,25.61372811231505,0
7,4,0,9.370416092566167,2
10,1,0,31.306006410415655,1
3,1,0,76.27714774999684,0
16,2,0,34.7887091496758,1
6,3,0,59.904678509468134,0
7,6,1,53.204021120070905,0
2,6,1,78.60208638146285,0
21,5,1,28.929508327048413,0
1,0,0,58.94198603510013,0
22,3,0,24.92860529817228,0
14,3,0,23.674935858979676,1
23,0,0,69.04719977459489,0
21,6,1,22.1160691277887,0
21,6,1,25.70386298956117,1
4,6,1,74.63750463679114,0
23,2,0,66.33892613321407,0
0,3,0,52.335695588263086,0
3,1,0,78.66344574314202,0
14,0,0,45.78936036057819,0
19,6,1,45.61828646425559,0
18,5,1,35.35341369708442,0
2,6,1,73.0832773826467,0
19,6,1,47.27606408619461,1
10,4,0,46.64574048983913,1
16,2,0,28.525528871351863,0
12,0,0,31.311617930050964,0
10,4,0,36.33665973964027,0
1,4,0,54.79639290099324,0
8,5,1,70.73739991357968,0
1,3,0,55.026996179135196,0
20,5,1,35.100353918184624,0
8,3,0,16.09203849858091,2
8,3,0,7.336598908702552,2
7,0,0,6.311697526998282,2
16,6,1,32.405495908698775,0
0,0,0,51.19434318337262,0
10,2,0,48.66948401799468,0
7,3,0,10.28490581378809,2
9,4,0,7.686424089922723,1
6,6,1,61.766533803006205,0
2,1,0,78.4333909390769,0
2,2,0,54.23597190611555,0
17,0,0,6.630238090620381,2
4,5,1,79.43772732173831,0
11,2,0,43.25703616697168,0
11,2,0,38.83006631476426,0
18,6,1,24.380630578908878,0
5,2,0,78.14192418704394,0
1,2,0,77.529418337133,0
11,1,0,38.763003504997805,1
18,5,1,22.071108107341246,1
4,5,1,60.04367125672037,0
11,5,1,39.0693596585784,0
16,3,0,24.455203449310424,0
16,4,0,44.43151762007244,1
9,5,1,61.4637048337992,0
22,2,0,25.900645919384694,0
16,2,0,28.996927789836086,0
14,5,1,38.02836453613157,1
11,6,1,30.875059535945397,1
15,5,1,26.122629834672807,1
23,2,0,64.07122242554462,0
18,3,0,7.702379715989289,2
7,0,0,18.255259515319846,1
20,0,0,40.51610374727096,0
16,5,1,40.70140665228349,0
22,1,0,21.672225607623254,0
4,5,1,68.29438284644351,0
21,6,1,31.6042172615564,0
15,5,1,24.41489753284836,0
5,0,0,58.93931706487531,0
7,2,0,18.66239397029473,1
17,5,1,34.51580656592934,0
11,2,0,29.230372684338455,0
14,2,0,24.850836598219605,1
8,1,0,8.086915654841325,2
12,2,0,36.40031794691935,1
14,0,0,36.61979766509393,1
9,3,0,7.931870005525998,2
15,3,0,47.49467453346543,0
6,4,0,59.83514596550102,0
16,6,1,42.79470975285165,0
22,5,1,48.56187339917008,0
20,6,1,37.9228772772026,1
21,0,0,21.488177250484483,1
6,2,0,57.71188076567626,0
13,3,0,26.80935618414563,1
14,6,1,47.57624093161176,1
20,0,0,30.263978003356847,1
6,3,0,78.84652196412699,0
8,2,0,12.335726006739248,2
18,6,1,47.286454190364154,0
15,3,0,42.86523761544934,1
7,5,1,74.3542015505266,0
17,5,1,33.0108299396114,0
22,4,0,30.89766055027431,1
17,4,0,19.114884838616554,2
19,3,0,16.124409311778333,2
6,0,0,74.15291936123404,0
2,5,1,75.35118946689927,0
17,0,0,5.768951887639973,2
9,0,0,15.106343446761347,2
6,3,0,63.510511573423784,0
16,0,0,30.709472884059917,1
13,5,1,25.592594145619238,1
23,2,0,72.48108309934871,0
2,4,0,66.37087906439078,0
11,2,0,28.75733520493422,0
12,0,0,34.47803706984562,1
1,2,0,56.480943211792166,0
2,5,1,79.01813571110893,0
4,5,1,71.45375059450663,0
10,0,0,32.813151360810295,1
7,3,0,18.469328242775287,2
22,2,0,41.21836735717001,1
22,3,0,33.401794061079215,0
11,3,0,26.17940107630885,0
6,1,0,50.02830245802893,0
14,0,0,49.31851469530788,0
23,4,0,57.27061085410287,0
16,5,1,45.17299096398835,1
3,5,1,66.51981377709693,0
21,0,0,41.84349312008499,0
12,6,1,41.93751768042125,1
17,6,1,49.26231103054235,1
0,6,1,67.2068984008013,0
15,4,0,39.45393670700712,0
12,5,1,46.92191954964759,0
9,0,0,9.917642568287274,1
11,5,1,37.919371349921356,1
1,3,0,61.809065608323266,0
22,2,0,45.636421796065406,1
2,2,0,60.20013158179677,0
9,5,1,76.08949054436513,0
1,1,0,52.64403292930074,0
22,4,0,45.42642899164209,1
12,6,1,32.91039597116601,0
12,4,0,41.19812386982653,0
17,4,0,14.529850200624816,2
2,3,0,55.89460900868633,0
6,4,0,56.35237586157258,0
13,2,0,29.66202605587189,0
19,3,0,17.869023709959933,2
16,0,0,33.06188970199254,1
20,4,0,41.57735601727495,1
11,4,0,35.827639198164974,1
15,0,0,21.58480059094166,0
23,4,0,71.78254554451551,0
11,0,0,29.083253848159018,0
14,3,0,36.93249763339243,1
9,2,0,7.493829955245509,2
6,0,0,61.39212214464946,0
19,1,0,19.54728296950677,2
4,0,0,71.82893413099066,0
0,4,0,77.67811271281873,0
16,6,1,37.751509066772016,1
2,6,1,55.760701074090335,0
12,3,0,38.70138697879722,1
13,5,1,34.693576039647226,1
23,3,0,65.85969811967827,0
17,5,1,35.579380779269094,0
3,6,1,55.926677170354345,0
17,6,1,25.573308640961233,1
4,0,0,52.54898869668399,0
15,2,0,39.749223185181854,1
0,1,0,63.13150474800624,0
20,3,0,36.74513551671322,0
13,4,0,47.98603070379899,0
14,5,1,35.07115459916287,1
8,4,0,16.05698620934959,2
14,2,0,34.243070181309534,0
16,5,1,47.61607655307664,0
23,3,0,50.360090818180474,0
3,0,0,66.58444627155048,0
11,4,0,34.550539625721235,1
4,2,0,52.56209090488165,0
4,3,0,79.17384170083707,0
10,6,1,38.42558732957034,1
5,6,1,57.09829348122522,0
6,3,0,64.50494255320412,0
23,3,0,62.87448475874966,0
13,3,0,23.184810606424016,0
23,5,1,75.12417558856323,0
10,3,0,25.84874814495892,0
12,4,0,43.06241394087539,1
1,2,0,51.85839555736964,0
6,5,1,67.30423758914768,0
19,3,0,5.546915762384277,1
3,1,0,51.58231856486652,0
7,1,0,6.769587254420923,2
19,2,0,11.568498307143685,1
21,6,1,27.87225129467906,1
20,0,0,21.197675976912535,1
18,0,0,13.664196209557005,2
12,6,1,29.972800765230957,1
13,5,1,23.198708568097935,0
9,5,1,61.00394961938805,0
10,5,1,42.99787834136155,0
1,0,0,78.98822893244558,0
8,1,0,17.976066490630906,2
16,0,0,41.0259709173164,1
2,4,0,58.55617408041242,0
23,3,0,68.92311260517862,0
5,5,1,63.66948648319632,0
4,1,0,64.46052019330797,0
4,2,0,72.73329681125475,0
21,2,0,29.541188350835597,0
14,3,0,21.686728845529167,1
22,1,0,47.384024012235855,1
16,0,0,36.39221222636397,1
8,0,0,10.149132335966724,1
2,4,0,75.5614524741408,0
19,4,0,12.721132906351698,2
16,0,0,20.480844693653694,0
9,2,0,10.654792509302624,2
2,5,1,68.09639186298513,0
17,2,0,15.246714285845698,1
17,4,0,13.634978794961295,2
16,3,0,37.451645824204306,0
23,0,0,72.99041639313957,0
2,4,0,62.192496097220555,0
2,4,0,76.39513243824403,0
5,5,1,69.46048860072094,0
12,0,0,38.70515933742011,1
23,5,1,53.938639160144724,0
14,0,0,26.053848447573706,0
8,5,1,77.26479493150586,0
3,2,0,72.81200201862448,0
13,3,0,29.02898958894865,1
4,3,0,55.52134316150641,0
1,0,0,72.69353263966735,0
10,1,0,26.773686564518876,1
8,6,1,68.49865934495826,0
23,4,0,51.21001556415356,0
2,4,0,59.78510762384761,0
8,0,0,7.2193750116410875,2
2,5,1,79.5396343277252,0
1,1,0,56.272920937688426,0
11,2,0,26.10604621660689,0
9,5,1,73.07183399479173,0
8,5,1,62.76516977815528,0
14,0,0,20.63027470959082,1
7,0,0,11.687383247405243,1
4,4,0,74.49965729604871,0
10,0,0,22.601197027869205,1
1,0,0,66.15089306303068,0
23,0,0,77.39689058837811,0
14,4,0,44.886974942851054,0
5,2,0,54.010869631983084,0
7,2,0,16.27134976296954,2
4,6,1,78.24003178360705,0
15,6,1,30.90211795998281,1
17,0,0,9.133501644637677,2
5,6,1,59.96517566185197,0
4,4,0,71.0242525400522,0
15,2,0,47.882104515474616,1
12,5,1,43.939941056576714,0
4,2,0,72.1563816019089,0
12,2,0,31.61669423630621,0
16,4,0,29.13471273062091,0
17,6,1,39.283322404397836,1
7,5,1,71.53028473380499,0
12,4,0,31.316053473729163,1
18,0,0,11.51796444956743,2
2,3,0,76.0860101544494,0
23,2,0,55.4197262393391,0
7,3,0,8.281575626163196,2
1,4,0,59.78661520942795,0
7,4,0,10.9063271234811,2
12,4,0,33.337205032082856,1
12,3,0,26.849937571058327,1
0,4,0,51.75373961710631,0
5,0,0,58.99788192419199,0
23,4,0,64.2292599460529,0
18,1,0,10.32195934484583,1
15,6,1,21.721755310648206,0
7,3,0,18.265151419569314,2
0,1,0,54.55228738859157,0
15,4,0,39.942176147325384,1
8,0,0,15.51646381046405,2
12,2,0,35.139118639323044,1
10,5,1,40.75160342404067,0
12,6,1,21.152026319790338,1
20,5,1,49.37095522375002,0
9,4,0,12.529181076977626,2
3,6,1,77.29790474479155,0
5,6,1,71.51785627597269,0
6,0,0,67.46210393372671,0
4,6,1,73.93414044023217,0
10,3,0,33.70664215211801,1
12,1,0,31.581528069555073,1
18,1,0,15.457493814355256,2
22,1,0,45.88878869939055,0
9,3,0,6.031308596337312,2
9,5,1,66.49151765489933,0
10,0,0,46.33248214587874,1
20,6,1,44.79393828476549,0
6,3,0,66.73066073556359,0
17,1,0,19.57767951988227,1
3,4,0,65.378457323096,0
1,2,0,58.72630562694748,0
13,6,1,45.73573350552467,1
12,3,0,25.78029189460101,0
11,3,0,28.93578195170634,0
6,0,0,73.4014426112013,0
1,0,0,64.14879095585785,0
12,3,0,24.985549988292476,0
13,1,0,48.19773118657126,0
16,2,0,49.64372227863906,0
8,6,1,64.55691367296069,0
16,0,0,46.73420275380528,0
7,6,1,63.810661194044805,0
1,1,0,71.29014030513574,0
23,6,1,79.51134749627455,0
12,4,0,22.900836793627015,0
2,0,0,71.61370224388268,0
15,1,0,25.529041908502972,0
5,1,0,51.180856394591885,0
18,2,0,16.61728404679686,1
6,2,0,54.0330028210865,0
9,4,0,14.088452227692246,2
8,1,0,5.406599785043497,2
1,5,1,73.50504507763726,0
14,1,0,42.85669683132452,0
4,2,0,76.79913481364369,0
21,5,1,36.066274192933946,1
3,0,0,64.30950177852961,0
19,0,0,18.311368030555403,2
3,6,1,76.81800532009972,0
17,3,0,14.22604631022047,2
3,2,0,77.80722686437592,0
16,3,0,35.26877121266143,1
11,5,1,28.360829477855773,1
21,2,0,24.28442913418602,1
16,4,0,28.476508025559166,1
9,1,0,11.074528810642827,1
21,4,0,21.648989205194663,1
0,5,1,67.35625454610594,0
21,2,0,24.63562489971557,0
23,5,1,63.186888253186964,0
17,1,0,8.88188612546786,2
17,0,0,6.3045053038389955,2
13,0,0,48.996753181416324,0
14,5,1,30.046348704109548,1
11,3,0,47.28786173332833,1
3,2,0,50.1855146792269,0
2,2,0,74.32050711012775,0
19,0,0,6.369886015003356,2
11,6,1,48.82238908314066,0
6,4,0,66.1262043092104,0
10,6,1,27.728959962905876,0
0,1,0,63.49831022806579,0
5,4,0,70.78726733074303,0
14,4,0,49.862645387763685,1
14,5,1,36.14660305605426,0
18,0,0,11.084678891708563,2
10,6,1,49.323696895515276,0
22,6,1,34.94999084882711,1
1,0,0,68.09736268052089,0
13,6,1,36.313612111752406,0
1,0,0,70.84910399364428,0
3,5,1,65.45501085159766,0
16,3,0,38.340249687431786,1
2,4,0,61.129211377765074,0
12,5,1,25.113875347449262,1
8,2,0,10.204384255663788,2
6,1,0,62.954212853233315,0
14,3,0,34.52519096490222,1
22,2,0,37.29466709419597,1
10,4,0,44.29936231050417,0
19,6,1,26.731489393993865,0
1,0,0,65.13508772164508,0
14,4,0,20.27261104853649,0
13,5,1,35.33281464417194,1
19,1,0,19.50452771927473,2
21,5,1,45.90294733368154,1
10,3,0,37.07619389388283,0
2,3,0,76.03938880192709,0
16,1,0,41.54042534381004,1
11,2,0,22.773485511112,0
23,2,0,63.73700885381214,0
20,3,0,46.01180547136842,0
14,3,0,49.00202682605324,0
15,6,1,27.42894929214316,1
4,0,0,60.441558664319615,0
19,6,1,48.99866662688322,1
5,6,1,63.30317308508132,0
18,2,0,12.89141019877313,2
4,1,0,70.63307619097205,0
2,2,0,58.2042354612494,0
0,0,0,72.09419523857218,0
5,5,1,51.54972071343923,0
14,3,0,31.588631154366357,0
1,3,0,60.604195761821614,0
2,0,0,59.46899646101457,0
16,6,1,29.62200746934714,1
23,1,0,55.76773755404276,0
11,3,0,49.247128184307044,0
17,4,0,11.670691652875036,2
14,6,1,49.5002230524268,1
11,3,0,40.43846331597301,0
15,4,0,38.219732503791974,1
7,0,0,15.153084137413646,1
13,0,0,37.88427948649691,0
16,6,1,26.329096718598514,1
20,3,0,20.91061416599013,1
7,2,0,11.904935759641475,2
14,4,0,24.01334434981904,0
13,1,0,22.1799676274347,1
17,3,0,10.21733521149569,1
19,1,0,13.172016279141475,2
6,3,0,53.769304772369416,0
2,2,0,58.69183951214644,0
11,2,0,26.40628563471024,0
20,6,1,41.120943577749706,1
23,6,1,56.52358796651708,0
2,2,0,61.00036639108944,0
19,5,1,49.293695883062306,0
13,2,0,44.00412748256228,1
14,0,0,22.04111942275009,0
13,0,0,28.003836483014926,0
6,5,1,65.17777400439182,0
16,4,0,45.74968816636574,1
11,1,0,30.790266836692034,1
19,3,0,9.6925129628633,2
3,3,0,51.827166297055484,0
8,5,1,71.04695796808826,0
5,0,0,50.29482657709364,0
15,6,1,29.881378079062273,1
21,3,0,42.98736418281137,1
21,0,0,44.348810433345605,0
20,4,0,33.38979079959684,0
20,1,0,40.78760687674365,1
1,4,0,79.621054169366,0
23,5,1,56.754830726477955,0
7,2,0,14.14522862413666,2
10,2,0,24.69086424934625,1
12,2,0,37.04805848806305,1
16,4,0,34.23304742441522,0
7,3,0,13.689701041826913,2
20,1,0,37.07914953236606,1
17,2,0,12.781217706720643,2
17,5,1,26.985756706282828,0
13,5,1,29.307058512341143,1
14,2,0,35.12398525755315,0
5,2,0,59.68429380343551,0
10,1,0,33.919562523211425,0
12,2,0,47.83237199226222,0
0,1,0,76.03106293757718,0
5,5,1,71.22861757221605,0
8,2,0,16.638158817045394,1
7,4,0,16.516469265715067,2
10,6,1,39.317238712032946,0
21,4,0,37.32060203659003,1
18,5,1,33.75090438278919,1
23,1,0,65.86121959652158,0
8,4,0,14.58444532959927,1
16,1,0,33.050437830206704,0
11,4,0,36.362838506351395,0
13,4,0,40.74930205919955,0
14,1,0,24.900633492294695,1
15,3,0,24.365464483620777,0
21,4,0,35.845677852690685,1
21,2,0,23.201354573070628,1
19,6,1,46.039987756852696,1
0,5,1,74.84557607970359,0
9,3,0,6.129180749775104,2
7,1,0,5.73963480664737,1
17,3,0,7.034922007405666,1
0,0,0,57.80144120757302,0
1,0,0,61.55174167156885,0
0,4,0,78.28948352213408,0
0,4,0,68.31128179345076,0
8,2,0,15.655272510684984,2
12,6,1,42.07761219121846,0
0,5,1,58.25296644677373,0
12,3,0,30.228859209289656,1
19,0,0,8.953272192451667,2
21,4,0,47.92016766687195,0
6,5,1,50.73933213908968,0
1,3,0,70.90066963619591,0
5,4,0,71.75979172207634,0
6,4,0,75.09135732231198,0
13,0,0,49.26805757469957,1
17,0,0,17.327589841293538,1
14,4,0,39.42026403119274,1
1,1,0,53.85049779844084,0
9,4,0,19.73723870901872,2
22,5,1,33.173919824145514,1
11,4,0,30.868804700006145,0
16,2,0,41.04497304395498,1
7,6,1,63.78030966781869,0
10,2,0,32.80684183469908,0
2,2,0,64.07074819153651,0
5,1,0,77.85666598682408,0
8,1,0,9.674793749819735,2
5,4,0,65.75954793352165,0
8,2,0,19.588523534746052,1
6,1,0,60.80179705792178,0
8,0,0,10.32925961355384,2
17,4,0,14.933482374943896,2
11,5,1,28.044296888357625,1
7,6,1,59.47005443492198,0
7,3,0,14.832649577691688,1
17,4,0,13.965235032851886,1
19,3,0,18.362482224344504,2
14,2,0,33.77911064639221,1
6,6,1,52.309075490240524,0
10,3,0,44.637782611185365,1
19,2,0,11.319513224500469,1
15,0,0,46.313614029868646,1
3,3,0,57.29539940792678,0
5,6,1,66.51711903624093,0
21,4,0,23.056362924186697,0
2,2,0,77.33361504175872,0
8,4,0,16.40052352704761,2
9,6,1,51.46298956439421,0
13,1,0,33.141322277161514,1
10,2,0,36.39429083076129,0
17,3,0,16.34969824028598,1
21,2,0,25.597702906195025,1
11,4,0,25.52745954718023,0
22,0,0,37.63395348115054,0
11,2,0,20.524946419621656,1
12,3,0,37.183108300608374,0
12,1,0,29.80216671705901,1
18,5,1,37.890394924903276,0
18,0,0,5.399125491165262,1
22,1,0,38.76949738824359,1
13,2,0,42.250523869754694,1
3,4,0,70.25692512686112,0
12,6,1,30.574431408300534,0
7,4,0,6.947855201268215,1
22,3,0,45.75800320947495,1
20,4,0,38.85041352648334,1
22,0,0,23.16951036346792,0
18,4,0,13.68134714539999,2
11,3,0,43.44386266264128,1
17,5,1,45.0337475856829,1
5,2,0,51.68641716379636,0
17,6,1,45.525582719662864,1
18,2,0,14.606709109898793,1
21,4,0,48.739131994473624,0
4,1,0,51.00270717306511,0
23,2,0,67.39378531498865,0
8,5,1,54.99510641148545,0
2,4,0,71.36660615531476,0
9,6,1,55.27670850255986,0
18,3,0,12.41556216568637,1
2,5,1,77.44504849990633,0
21,4,0,24.327200633543107,0
14,5,1,35.01858597001793,1
0,2,0,77.35355337145315,0
6,6,1,54.39843671479527,0
11,3,0,26.986374384554452,1
16,4,0,40.50288245471812,0
20,0,0,42.64482375086993,1
23,3,0,59.28387729338547,0
19,0,0,11.082075144956278,2
4,5,1,79.52268391899543,0
3,1,0,58.76746870218164,0
11,3,0,30.636446264858222,0
19,5,1,27.569682327912357,1
23,0,0,77.45869821137822,0
17,2,0,18.43723597340292,1
16,2,0,39.696881071989566,0
18,1,0,7.531241575973443,2
8,3,0,11.793250406232676,2
3,3,0,78.37145325323073,0
20,3,0,29.047606096206547,1
1,5,1,55.649075747513194,0
3,6,1,59.11205138675298,0
1,6,1,52.79052227788025,0
14,1,0,23.139813210394436,0
1,3,0,62.68830631224673,0
3,5,1,73.86735128772759,0
5,2,0,54.24150662649021,0
6,0,0,53.90961299517008,0
9,5,1,69.30286848551992,0
18,6,1,22.92830114326975,0
18,6,1,47.711941876303285,0
21,2,0,30.621936870652824,1
11,2,0,36.118270210041146,1
2,0,0,70.31372790447692,0
12,2,0,38.862020451799786,1
17,1,0,5.585096311442272,1
7,0,0,18.364608270360556,2
20,2,0,44.971731251057236,1
14,4,0,24.90848612414829,1
0,5,1,70.75332917425948,0
2,2,0,70.22880721100074,0
